OfferMonth;CalendarName;Period;StartDate;EndDate
2023-06-01;HotelCalendar;1;2023-06-01;2023-06-15
2023-06-01;HotelCalendar;2;2023-06-16;2023-06-30
2023-06-01;GamingCalendar;1;2023-06-01;2023-06-03
2023-06-01;GamingCalendar;2;2023-06-04;2023-06-06
2023-06-01;GamingCalendar;3;2023-06-07;2023-06-09
2023-06-01;GamingCalendar;4;2023-06-10;2023-06-12
2023-06-01;GamingCalendar;5;2023-06-13;2023-06-15
2023-06-01;GamingCalendar;6;2023-06-16;2023-06-18
2023-06-01;GamingCalendar;7;2023-06-19;2023-06-21
2023-06-01;GamingCalendar;8;2023-06-22;2023-06-24
2023-06-01;GamingCalendar;9;2023-06-25;2023-06-27
2023-06-01;GamingCalendar;10;2023-06-28;2023-06-30
2023-06-01;DiningCalendar;1;2023-06-01;2023-06-08
2023-06-01;DiningCalendar;2;2023-06-09;2023-06-15
2023-06-01;DiningCalendar;3;2023-06-16;2023-06-22
2023-06-01;DiningCalendar;4;2023-06-23;2023-07-03
2023-06-01;CalGeoAllCalendar;1;2023-06-01;2023-06-15
2023-06-01;CalGeoAllCalendar;2;2023-06-16;2023-06-30