OfferMonth;HotelCode;HotelHeadline;HotelDescription
2023-06-01;LV6231;2 NIGHT STAY-CATION;Stay with us for two nights in a gorgeous suite without any resort fees
2023-06-01;LV6232;2 NIGHT STAY-CATION;Stay with us for two nights in a high-floor room without any resort fees
2023-06-01;LV6233;1 NIGHT STAY-CATION;Play here and stay here in a beautiful room
2023-06-01;LV6234;RATES STARTING AT $39;Call soon for special casino rates as low as $39 weekdays and $89 Friday & Saturday
2023-06-01;CA6231;3 NIGHTS IN A SUITE;Be our guest for 3 nights in a gorgeous, multi-room suite without resort fees
2023-06-01;CA6232;3 NIGHTS + UPGRADE;Be our guest for 3 nights in a gorgeous, high-floor room without resort fees
2023-06-01;CA6233;2 COMPED NIGHTS;Be our guest for 2 nights with your choice of King bed or 2 doubles
2023-06-01;CA6234;RATES STARTING AT $39;Call soon for special casino rates as low as $39 weekdays and $89 Friday & Saturday