OfferMonth;Category;Placement;TierMin;TierMax;Message
2023-06-01;gaming;GamingSubhead;2001;2199;Start with ~~ to play your favorite games, twice in ##!
2023-06-01;dining;DiningSubhead;2001;2199;Enjoy ~~ per visit at our 9 fantastic restaurants!
2023-06-01;totals;OutsideHeadline;1001;1199;10 ## OFFERS WORTH ^^ INSIDE!
2023-06-01;totals;OutsideHeadline;2001;2199;GET UP TO ^^ WHEN YOU VISIT US IN ##!
2023-06-01;gaming;GamingSubhead;1001;1199;Visit up to 10 times in ## and start with ~~.
2023-06-01;dining;DiningSubhead;1001;1199;~~ on us, available once per week.
2023-06-01;gaming;GamingHeadline;1001;9999;@@ in **
2023-06-01;dining;DiningHeadline;1001;9999;@@ Complimentary Dining