OfferMonth;Tier;SlotAmount;TableAmount;TableType;GamingFrequency;DiningAmount;DiningFrequency;HotelCode;HotelFrequency
2023-06-01;1001;400;300;Bonus Chips;10;100;4;LV6231;2
2023-06-01;1002;200;150;Bonus Chips;10;60;4;LV6231;2
2023-06-01;1003;100;75;Bonus Chips;10;40;4;LV6232;2
2023-06-01;1004;50;45;Bonus Chips;10;30;4;LV6232;2
2023-06-01;1005;40;30;Bonus Chips;10;20;4;LV6233;2
2023-06-01;1006;30;30;Matched Bet;10;15;4;LV6233;2
2023-06-01;1007;20;20;Matched Bet;10;10;4;LV6234;2
2023-06-01;1008;15;10;Matched Bet;10;7;4;LV6234;2
2023-06-01;2001;1200;1600;Bonus Chips;2;200;2;CA6231;2
2023-06-01;2002;600;750;Bonus Chips;2;150;2;CA6231;2
2023-06-01;2003;300;400;Bonus Chips;2;75;2;CA6232;2
2023-06-01;2004;150;200;Bonus Chips;2;40;2;CA6232;2
2023-06-01;2005;100;125;Bonus Chips;2;30;2;CA6233;2
2023-06-01;2006;60;75;Bonus Chips;2;20;2;CA6233;2
2023-06-01;2007;30;35;Matched Bet;2;15;2;CA6234;2
2023-06-01;2008;10;20;Matched Bet;2;10;2;CA6234;2