OfferMonth;Tier;MinValue;MaxValue;Measure;Geo
2023-06-01;1001;1250.0;9999999.0;ADT;LasVegas
2023-06-01;1002;750.0;1250.0;ADT;LasVegas
2023-06-01;1003;400.0;750.0;ADT;LasVegas
2023-06-01;1004;200.0;400.0;ADT;LasVegas
2023-06-01;1005;125.0;200.0;ADT;LasVegas
2023-06-01;1006;80.0;125.0;ADT;LasVegas
2023-06-01;1007;50.0;80.0;ADT;LasVegas
2023-06-01;1008;25.0;50.0;ADT;LasVegas
2023-06-01;2001;4000.0;9999999.0;ADT;California
2023-06-01;2002;2000.0;4000.0;ADT;California
2023-06-01;2003;800.0;2000.0;ADT;California
2023-06-01;2004;400.0;800.0;ADT;California
2023-06-01;2005;250.0;400.0;ADT;California
2023-06-01;2006;150.0;250.0;ADT;California
2023-06-01;2007;75.0;150.0;ADT;California
2023-06-01;2008;25.0;75.0;ADT;California